{
  "images" : [
    {
      "resizing" : {
        "mode" : "9-part",
        "center" : {
          "mode" : "stretch",
          "width" : 53,
          "height" : 54
        },
        "cap-insets" : {
          "bottom" : 0,
          "top" : 73,
          "right" : 169,
          "left" : 101
        }
      },
      "idiom" : "universal",
      "filename" : "u=3444242207,978910889&fm=21&gp=0.jpg",
      "scale" : "1x"
    },
    {
      "idiom" : "universal",
      "scale" : "2x"
    },
    {
      "idiom" : "universal",
      "scale" : "3x"
    }
  ],
  "info" : {
    "version" : 1,
    "author" : "xcode"
  }
}